SrcDatabase-来源库,Title-题名,Author-作者,Organ-单位,Source-文献来源,Keyword-关键词,Summary-摘要,PubTime-发表时间,Year-年
CJFD2015,大数据信息时代下的勘察设计行业信息技术探索与思考,王宇;冯婉茹;,哈尔滨工业大学建筑设计研究院;中国电信集团公司黑龙江省哈尔滨市电信分公司;,数字技术与应用,勘察设计;;信息技术工程;;云计算;;信息安全,"本文对大数据信息时代与勘察设计行业信息技术两者之间产生的关系进行了详细的研究分析与阐述,介绍大数据信息的概念和特点,分析大数据信息对信息技术发展的重要影响和巨大价值,深入剖析勘察设计行业信息技术面临大数据信息时代的有价值的探索与思考。相信在不久的未来,勘察设计行业大数据信息技术发展会推动全行业信息化建设与管理高速全面的进步与发展。",2015/11/15,2015
CJFD2015,城市交通大数据技术及智能应用系统,熊刚;董西松;朱凤华;季统凯;,中国科学院自动化研究所复杂系统管理与控制国家重点实验室;中国科学院云计算中心;青岛智能产业技术研究院;,大数据,城市交通;;大数据;;云计算;;物联网,"城市交通大数据具有种类繁多、异质性、时空尺度跨越大、动态多变、高度随机性、局部性和生命周期较短等特征,如何有效地采集和利用交通大数据,满足高时效性的交通行政监管、交通企业经营管理、交通市民服务等应用需求,是城市交通和智慧城市面临的前所未有的机遇和挑战。重点分析总结了城市交通大数据的若干研究内容及核心技术,提出了城市交通大数据智能应用系统解决方案,列举了几种典型应用,在城市交通和智慧城市领域的大数据研发和应用领域进行了初步探讨。",2015/11/20,2015
CJFD2015,中华文化基因在线服务平台,赵海英;彭宏;陈洪;,北京邮电大学世纪学院移动媒体与文化计算北京市重点实验室;新疆师范大学网络教育学院;中国农业大学信息与电气工程学院;,计算机系统应用,文化模式;;文化特征;;文化基因;;在线平台;;网络爬虫;;直方图,"中华文化基因是传承民族文化的基本信息单元,对它的提取有利于中国传统文化的保护及传承.但中华文化内涵的深度挖掘以及文化演变规律的发现都是极具挑战性.文化基因是一个文化模式与文化特征的表征单位,这是人类文化内涵的密码组.通过文化基因的表征可以深度挖掘文化内涵,为人类文化的释义提供深层理解和解析.论文基于文化基因的标识,实现文化基因上传、下载;图像、语音检索等功能,提供中华文化基因在线服务,并基于内容聚合的爬虫技术,丰富中华文化资料库,传承中华民族文化精髓.",2015/12/15,2015
CJFD2015,互联网思维下的在线课堂设计要素分析——以“数据分析”课程为例,刘禄;袁曦临;刘利;,东南大学情报科技研究所;东南大学图书馆;,图书情报工作,互联网思维;;在线教育;;课堂设计;;数据分析,"[目的/意义]旨在探究能够契合""网络一代""自主探究学习模式的在线课堂教学及课程设计方式。[方法/过程]以""数据分析""课程为例,选取TED-Ed和中国大学视频公开课这两类具有代表性的在线课堂进行对比分析,调查发现互联网思维对于在线课堂的影响是深刻的。[结果/结论]在面向""网络一代""的在线课堂设计中应以学生的需求为中心,以学生的学习为主体,围绕知识单元和主题,以扁平化方式组织教学资源,创建互动在线学习环境及符合其学习需要的课程内容和课程结构。",2015/11/30 10:05,2015
CJFD2015,恶意模型下计算欧几里德距离的协议,杨得新;刘力铭;杨波;,广州城市职业学院信息技术系;陕西师范大学计算机科学学院;,计算机工程与应用,安全多方计算;;欧几里德距离;;分布式EI Gamal加密,"安全多方计算(MPC)是一个允许多个参与方在保持各自输入隐私的前提下联合计算一个函数。Yao和Goldreich等人(STOC’87)开创性的工作表明,存在陷门置换的前提下,任何一个函数都存在安全多方计算协议,并给出了安全多方计算的一个通用解决方案,但是该方案由于效率问题而不实用。因此,Goldreich同时指出需要针对特定问题提出特定的安全多方计算协议。提出了一个新的基于分布式EI Gamal加密的计算两个向量欧几里德距离的安全协议,并在混合模型下给出了协议的安全性证明。与原来的方案比较,该协议的计算和通信复杂度都较低,适用于计算和通信能力都有限的应用环境。",2014/6/4 10:41,2015
CJFD2015,PhysiolComp Toolkit:一个生理计算交互工具箱的分析与设计,陈毅能;路璐;胡伟平;田丰;戴国忠;王宏安;,中国科学院软件研究所人机交互北京市重点实验室;中国科学院大学计算机与控制学院;,计算机学报,人机交互;;生理计算;;交互工具箱;;交互组件,"人机交互技术与生理计算技术的结合成为计算机应用领域的一个重要方向.然而,基于生理计算的交互应用研究和开发过程普遍存在缺乏生理计算知识、硬件种类繁杂、软件逻辑和平台复杂度高等难题,为此我们设计了一个生理计算交互工具箱PhysiolComp Toolkit,提出了生理计算交互逻辑的设计框架,定义了较为完善的交互信息处理流程以及组件设计方法,并且以该工具箱中手部动作和生理状态监测组件为例深入讨论了交互组件的设计方法.研究人员可以使用PhysiolComp Toolkit方便地建立生理计算交互应用框架,选择使用工具箱中提供的交互组件快速高效地完成系统搭建和应用开发.",2015/12/15,2015
CJFD2015,远光软件:左手慧养数据;右手智联电力,,,IT经理世界,远光软件;中国电力工业;智能电网;资产化;中国制造;管理时代;国家电网公司;用电信息;企业内部财务;资源应用;,"远光软件总裁黄笑华描绘了一幅壮阔的电力大数据蓝图。他认为,DT时代,电力大数据的价值被充分挖掘,持续推动中国电力工业""智造""升级,并将完成跨界整合,成为社会发展的强大推动力。得数据者得天下。在""互联网+""和""中国制造2025""的新常态下,渗透到每一个行业和业务领域的大数据,成为五行八作争相追捧的""麒麟才子""。2015年11月12日,智能电网大会暨中国(珠海)国际智能电网展览会隆重召开。远光软件总裁黄笑华在会上指出:进入智能化管理时代,大数据将推动电力企业形成数据资产化模式,加速智能化升级。",2015/12/5,2015
CJFD2015,决策系统在K-means算法中的应用,朱俚治;,南京航空航天大学信息中心;,计算机与数字工程,聚类;;决策系统;;K-means算法,"如今的聚类算法在数据挖掘和信息安全方面已有相当的应用。事实上在大数据时代之中,为了识别已知的或未知的数据则需要将通过数据聚类的算法来计算和实现。数据聚类算法是一种智能性的算法,其可以使得机器通过自我的学习来识别已知和未知的数据。目前的数据聚类算法,有基于划分的聚类算法、基于层次的聚类算法等各种的聚类算法。但在这些聚类算法中经典的算法仍然是基于距离的聚类算法,如K-means算法。因此论文的作者在查阅了一些关于距离聚类的算法之后,提出了将粗糙集中决策系统在K-means算法中进行首次的应用,这是论文的创新点。",2015/12/20,2015
CJFD2015,无线通信网络节点间通联关系的发现与更新算法,张攀峰;王世练;张炜;张尔扬;,国防科学技术大学电子科学与工程学院;,通信对抗,增量式PCA;;通联关系发现;;关联规则挖掘;;更新算法,"无线通信网络的节点间通联关系发现问题是网络层面通信对抗的一个重要问题。由于很难直接获得无线通信网络中节点间的通联关系,利用各节点的通信行为数据来进行通联关系发现是一个有价值的方向。考虑到各节点间的通信行为的关联,利用数据挖掘中的关联规则挖掘方法可以有效地从通信行为数据库中发现节点间的通联关系,将通联关系的发现问题转为关联规则挖掘问题,但现有的算法都不能高效地解决通信行为数据库变化时的通联关系更新问题。提出了一种针对无线通信网络进行节点间通联关系发现和更新的新算法。算法主要基于增量式PCA算法和矩阵变换,能够有效地从变化的庞大通信行为数据库中进行通联关系发现和更新。仿真实验表明算法在时间复杂度和...",2015/9/15,2015
CJFD2015,大数据处理流程及存储模式的改进,孙红;郝泽明;,上海理工大学光电信息与计算机工程学院;上海现代光学系统重点实验室;,电子科技,大数据;;数据存储;;数据分析;;Hadoop;;标签云,"结合大数据的特点,提出以标签云改进方案来快速识别网络热搜词,同时考虑到传统的数据仓库在查询、存储结构化数据方面的优势,在目前学者提出的数据仓库与Hadoop平台结合的基础上,提出了协作模式中与以往不同的数据迁移方式,即使用数据中间件,并通过相同数量记录导入Hadoop的时间比较,得出文中所提的数据迁移方法较Sqoop方法更具优势的结论。",2015/12/15,2015
CJFD2015,构建档案大数据应用平台的探析,陈琦;,泉州市投资贸易促进协调服务中心;,办公自动化,档案大数据;;应用平台;;建设,"档案应用大数据涉及整个档案管理系统在大数据时代发展理念、管理体制、和技术创新等方面的重大变革。通过以云计算技术取代传统的档案管理系统,数据治理和建设全国统一的档案数据模型和行业级档案数据中心,搭建集约化的档案大数据应用平台。通过档案数据的采集、智能处理、数据挖掘与智能检索三个层次,实现档案大数据应用系统开发工作。在档案应用大数据建设过程中,档案管理部门要以科学的态度,坚持实事求是的工作作风,注重档案数据应用的基础工作。制定切实可行的发展规划;提升档案管理部门大数据环境下的工作能力;大力培养档案大数据技术专业型人才。",2015/11/15,2015
CJFD2015,K-means聚类分析在就业管理系统中的应用研究,王志伟;王利军;,安徽经济管理干部学院;,电脑知识与技术,就业管理;;聚类分析;;数据,"学生就业管理系统可以采集毕业生的就业调查数据信息,并且可以对数据进行选择和转换以便数据挖掘的顺利完成,利用SPSS软件进行K-means聚类分析,从而得到有价值的信息,为学生管理工作和教学方案的修改制定提供参考。",2015/12/25 9:15,2015
CJFD2016,一种新型的技术形态识别方法——基于SAO语义挖掘方法,郭俊芳;汪雪锋;李乾瑞;朱东华;,北京理工大学管理与经济学院;,科学学研究,形态分析法(MA);;SAO语义挖掘;;技术机会分析(TOA);;形态结构;;染料敏化太阳能电池(DSSCs),"形态分析法作为一种面向未来的系统分析方法,已被广泛运用于技术机会识别和技术预测等领域。但现有形态分析方法中,形态结构构建过程对领域专家有较强的依赖。虽有学者尝试引入定量分析方法,但单纯以词频为依据选择特征词,忽略了词间的影响,存在无法展示技术/部件的目的、构成和语义关系等缺陷,限制了技术预测的效果。因此,本文引入主语-谓语-宾语(SAO)语义挖掘方法,提出一种新型的技术形态识别方法,并以德温特专利数据为基础,描述了专利技术形态识别的过程,验证了该方法的可行性和有效性。该方法弥补了基于关键词方法的不足,增强了定量方法对技术形态识别中的应用,减少了技术形态定义对专家知识的依赖,提高了技术形态识别的...",2016/1/15,2016
CJFD2015,基于聚类权重调度的大数据采样技术,耿德志;,晋中学院信息技术与工程学院;,世界有色金属,大数据;;采样;;数据聚类;;权重调度,"通过大数据优化采样提高对大数据的分析和调度能力。传统方法中对大数据的采样技术采用奈奎斯特采样定律,当大数据的特征信息出现非线性特性时,采样精度不高。提出一种基于聚类权重调度的大数据采样技术,进行大数据的分布式数据结构分析和时间序列模型构建,采用模糊C均值聚类方法进行大数据的聚类权重调度算法设计,以此为基础实现大数据的特征提取和特征采样。仿真实验结果表明,采用该方法进行大数据的信息采样,能有效提高采样精度,在大数据挖掘和特征提取方面具有重要意义。",2015/12/21 15:54,2015
CJFD2016,面向多源城市出行数据的可视化查询模型,汪飞;张繁;吴斐然;顾天瑜;高思远;赵烨;鲍虎军;,浙江大学CAD&CG国家重点实验室;湖南师范大学数学与计算机学院;浙江工业大学计算机科学与技术学院;肯塔基州立大学计算机学院;,计算机辅助设计与图形学学报,多源城市出行数据;;可视化查询;;查询模型;;可视分析,"多源城市出行数据为理解城市现象和享受城市生活带来了机遇.利用统计物理学和数据挖掘技术,人们在多源城市出行数据的研究上取得了很大进展,但是基于可视分析方法的研究甚少.为此,提出了一种可视化查询模型旨在解决应用可视分析方法研究多源城市出行数据时所面临的数据组织和可视表达上的挑战.查询模型从数据抽象,数据组织和管理,查询交互界面以及可视化分析等方面进行探讨,介绍了相关方法和技术.最后实现了查询模型的实例系统并通过典型案例证明了查询模型的有效性.",2016/1/15,2016
CJFD2015,工程数据库、数据仓库与大数据探讨,钱立国;,安徽建筑大学数理学院;,安徽建筑,工程数据库;;数据仓库;;大数据;;构成及模型,"工程数据库、数据仓库及大数据的构成、模型及操作方法设计、在互联网+浪潮中如何将工程规划、设计、施工及维护过程中产生的大数据充分挖掘、采取、抽取、统计、分析等等,最后形成可以使用的数据并有效利用,是工程界突出的前沿课题。",2015/12/20,2015
CJFD2015,大数据新趋势及旅游业,张简;,西安外国语大学旅游学院人文地理研究所;美国传奇智景旅游顾问公司;,统计科学与实践,大数据;;新趋势;;旅游业,"当前,全球数字系统正以分秒计地生成和消费着庞杂的海量数据。大数据成为信息管理的新前沿。大数据驱动技术基础设施发展的同时,也为各行各业提供了撷取、存储、分析和可视化处理大量结构性和非结构性数据的工具。大数据时代旅游业的数据种类和结构发生了根本性变化。大数据赋予我们这代人最大限度利用其价值的时代性机会,为旅游业变革带来重大转机,以提高旅游服务和改善旅游体验。正如任何一种更新换代技术所带来的,在大数据时代,变革性机遇与破坏性危机并存。大数据为政府及旅游业带来极具竞争、同时也极具创造性的挑战。",2015/12/25,2015
CJFD2016,以“体系构架”为核心的物联网工程专业课程体系构建研究,韩晶晶;,山西工商学院计算机信息工程学院;,通讯世界,物联网;;体系构建;;教学,"在本科层次的物联网专业的课程体系构建研究过程中,要针对应用型本科的特点,在专业核心课程上应体现出该专业的特色,本文通过对物联网工程专业的人才培养目标和岗位需求的分析,构建了以物联网""体系构架""为核心的物联网工程专业课程体系。",2016/1/12,2016
CJFD2015,基于物联网的人防工程维护管理信息系统,孙厚钊;王芳;孙胜浩;孙敏;,工程兵学院基础部;河海大学环境学院;,指挥信息系统与技术,人防工程;;维护管理;;物联网,"利用物联网、JW Framework信息化平台和数据库等技术,研究了人防工程维护管理的过程,论述了系统总体设计和技术结构,提出了人防工程维护管理信息系统的10个子系统及其功能。该系统对提高人防工程维护工作效率、发挥工程效益具有重要作用,有助于城市人防信息化建设研究。",2015/12/28,2015
CJFD2015,浅析云计算在物联网中的应用,何冬冬;,泉州信息工程学院;,信息通信,云计算;;物联网;;应用研究,"随着物联网技术迅速发展,物联网产生的海量数据需要云计算平台优化存储和处理。云计算平台上的应用和服务是物联网的核心。基于物联网的云计算平台目前在多个行业实施,云计算的应用将会实现统一的数据中心和服务中心,并实现海量数据的处理、共享和整合。文章从云计算与物联网的结合的可行性与优点及应用范围几个方面对云计算在物联网中的应用进行了探讨。",2015/12/15,2015
CJFD2016,基于局部加权重构的化工过程数据恢复算法,郭金玉;袁堂明;李元;,沈阳化工大学信息工程学院;,计算机应用,数据挖掘;;缺失数据;;数据恢复;;k近邻规则;;局部加权重构;;化工过程,"针对化工过程数据中存在缺失数据的问题,在保持局部数据结构特征的基础上提出了基于局部加权重构的化工过程数据恢复算法。通过定位缺失的数据点并以符号Na N(Not a Number)标记,将缺失的数据集分为完备数据集和不完备数据集。不完备的数据集按照完整性的大小依次找到它们在完备数据集中相应的k个近邻,根据误差平方和最小的原则,求出k个近邻相应的权值,用k个近邻及相应的权值重构出缺失的数据点。将该算法应用在不同缺失率下的两种化工过程数据中并与望最大化主成分分析(EM-PCA)法和平均值(MA)两种传统的数据恢复算法相比较,该算法的恢复数据误差最小,并且计算速度相比EM-PCA算法平均提高了2倍。实...",2016/1/10,2016
CJFD2015,一种基于云模型的数据预测算法,吴江;孙剑伟;,卫星应用系统部华北计算技术研究所;,软件,数据预测;;具前置条件的结论数据;;云模型;;条件规则,"本文针对具前置条件的结论数据所具备的条件分布典型、条件规则模糊的特点,构造一种基于云模型的数据预测方法。云模型擅长处理模糊判断,因此本文采用云模型量化条件规则并设计前置条件数据对于各条件的隶属度的计算方法。步骤为先依据历史数据和人工经验量化出此结论数据的条件云、结论云及条件规则,然后将待预测前置条件数据代入条件云中,依照算法匹配隶属程度最高的条件规则,再通过分析该条件规则相应的结论云,即可得到相应的预测结果。",2015/12/15,2015
CJFD2015,企业智能财务决策支持系统的开发及构建思路研究,包全磊;,太原学院;,电脑知识与技术,企业智能财务;;决策支持;;会计系统开发及构建,"随着我国信息化科技的不断发展,在我国一些企业中将信息化科技运用到财务决策的过程中,有原来的传统化财务决策向智能化方向发展。利用智能系统中的数据库、数据分析技术、人工智能技术对企业中的财务信息决策提供了重要的保障,也是企业体系中重要的组成部分。但是,在我国中小企业财务体系中,还运用着传统的财务会计体系,这样在企业会计体系在决策的过程中在一定程度上受到了限制,还是利用传统的图表形式对会计信息进行分析,这样严重了影响了企业的经济发展。因此,企业在构建智能会计体是尤为重要的,该文以企业智能财务决策支持系统的开发及构建进行了分析和阐述,对智能财务体系中的构建、处理、使用、维护等方面进行的研究,一次促进我...",2015/12/21 13:54,2015
CJFD2016,基于位置签到数据的城市分层地标提取,王明;胡庆武;李清泉;秦龙焜;,武汉大学遥感信息工程学院;深圳大学空间信息智能感知与服务重点实验室;武汉大学测绘遥感信息工程国家重点实验室;,计算机学报,位置服务;;位置签到(Check-In);;地标;;POI;;显著度;;分层;;云计算,"为了及时准确地获取用于智慧位置服务的城市层次性空间知识,该文提出了一种依据签到属性显著度的差异从位置签到数据中提取城市分层地标的方法.首先,针对传统基于调查问卷的公众认知度计算方法存在的不足,该文从位置签到数据中的签到次数、签到用户数和用户影响因子3个方面入手讨论POI显著度的影响因素,进而提出了一种基于签到数据的POI显著度计算模型;然后,利用Voronoi图对POI空间作用范围进行分割并结合邻域分析与合并算法逐层迭代,形成了基于签到POI显著度与Voronoi图的分层地标提取算法;最后,以北京市的位置签到数据为例,进行了POI显著度计算与分时分层地标提取,通过与现有实体、网络地图资料的比对...",2014/12/19 0:07,2016
CJFD2015,基于多Agent的智能积件教学系统研究,吴佳楠;夏雪飞;王士刚;,长春大学计算机科学技术学院;吉林交通职业技术学院;,科技展望,积件;;多agent;;教学系统,"针对教学积件获取过程耗时费力的问题,提出并实现了一个基于多agent技术的智能化的网络教与学素材自动获取及智能推荐整合模型系统。除了能够使师生快速搜寻与自己教学内容更为相关的微教学单元外,还能根据教与学实际需要形成可动态调整的教与学可视化系统界面。该系统较好的解决了网络多媒体教学的智能化、个性化以及灵活性的问题。",2015/10/30,2015
CJFD2015,大数据在酒店管理系统中的应用,杨慧慧;邓薇;陈冲;,东华理工大学软件学院;,科技广场,酒店管理系统;;大数据分析;;Tableau,"酒店管理行业的发展越来越依托于数据的分析,大数据的收集、清洗优化、挖掘及整合研究分析,给酒店的经营管理提供了巨大的帮助。本文采用Tableau作为分析工具,对酒店管理系统中的酒店预订模块、客户入住模块、客户结算模块中产生的数据进行大数据分析,准确的找出酒店经营存在的问题,使酒店管理决策者实现业务的提升。",2015/12/30,2015
CJFD2016,基于物联网的工业现场危险气体监测系统,莫然;张进;,沈阳化工大学信息工程学院;,山东工业技术,物联网;;无线;;采集;;监测,"在计算机技术、互联网及移动通信网络的相继发展之后,物联网这个的概念在推出以来就在世界各行各业中进行大力推广应用,目前已被公认为当今世界信息产业革命的第3次浪潮。工业为我国的重大产业链之一,目前在我国经济发展中占有重要的地位。我国在工业中不断引进物联网等新技术,全面的推进我国工业信息化建设的前进步伐。物联网通过RFID、传感器网络以及数据挖掘等新型技术的应用,依靠移动网络、无线传感器网络等,再通过传感器采集到的底层工业现场的环境信息数据,最终形成一个带有智能感知作用、具有远程控制功能的无线实时监控系统。本文以工业现场危险气体监测为背景,建立危险气体浓度的无线信息数据采集监测的系统。",2016/2/15,2016
CJFD2016,数据仓库技术在医院信息化建设方案实现中的应用价值,李韬;冯佳莉;张屹;于树新;,河北北方学院附属第一医院信息管理处;河北北方学院附属第一医院肾内科;,中国医药导报,数据仓库;;联机事务处理;;信息化建设;;数据挖掘,"目的探讨数据仓库技术在医院信息化建设方案中的应用价值。方法于实施基于数据仓库技术的医院信息化建设前(2013年全年)向河北北方学院附属第一医院(以下简称""我院"")门诊患者发放医院医疗服务满意度调查问卷,选取500份合格问卷作为对照组;实施基于数据仓库技术的医院信息化建设后(2014年全年),向我院门诊患者发放相同问卷,选取500份合格问卷作为研究组;比较两组对门诊服务的综合满意度、等待时间、诊疗时间、医护人员工作绩效情况。结果研究组总满意度显著高于对照组(38.20%比19.00%);研究组等待总时间显著短于对照组[(30.21±8.73)比(62.89±10.75)min];研究组实际诊疗总...",2016/2/5,2016
CJFD2016,基于中医三路脉象诊断机制的脉诊数字化系统研制,史伟;刘卫兰;王伟浩;,洛阳职业技术学院;,电脑编程技巧与维护,中医脉诊;;数字化系统;;三路脉象;;数据挖掘,"中医脉诊数字化系统包括数据采集装置、信号通信装置和数据分析设备等。硬件系统可以实现对寸关尺三路脉象信号的釆集、分析和处理;软件部分将脉象的位、数、形、势和脉图的各项特征参数作自动分析处理。同时结合中医望诊和问诊(以人机对话形式),采用数据挖掘的方法建立起病名与脉象之间、证型与脉象之间的关联性,综合中医八纲辩证的思路,为被测者提供健康状况的指导。",2016/2/18,2016
CJFD2015,C4.5算法在高职学校成绩分析中的应用,卜阳;,江苏省徐州医药高等职业学校;,佳木斯职业学院学报,数据挖掘;;决策树;;成绩分析;;C4.5算法,"本文采用C4.5算法构造决策树的方法,对学生的成绩进行分析并找出影响成绩的主要因素和规则,给教师调整教学环节提供参考,对学生管理工作提出意见,从而指导教育教学工作。",2015/12/15,2015
CJFD2015,云计算环境下的数据挖据算法研究,张一名;,山西林业职业技术学院;,信息化建设,云计算;;数据挖掘;;研究,"基于项目协同过滤推荐算法是云计算环境下的数据挖据算法,用于解决Amazon.com中千万级的用户和产品数据挖掘和推荐。并且在如此海量的数据规模下,将已有的平台迁往云平台己大势所趋。本章将介绍基于项目协同过滤算法的并行化实现和性能分析。",2015/12/15,2015
CJFD2016,沈昌祥:大数据时代应加强信息安全保护工作,本刊记者;,,中国信息界,自主保护;信息安全保护;国家信息系统;等级保护;沈昌;可信计算;结构化保护;信息安全防护;防护体系;产品安全;,"国务院发布的《促进大数据发展行动纲要》明确指出要重视大数据的安全,研究大数据安全技术,落实等级保护制度。如何保障大数据安全?目前,按照国家标准《计算机信息系统安全保护等级划分准则》,国家信息系统实行五级保护。第一等级是用户自主保护级。用户自己说了算;第二等级是安全审计保护级;第三等级是安全标识保护级。就是强制性访问标记保护,有了讯问标记后,这个",2016/2/25,2016
CJFD2015,一种弹性可扩展的并行n-of-N Skyline查询处理算法,魏炜;王意洁;王媛;马行空;,并行与分布处理国家重点实验室(国防科学技术大学);国防科学技术大学计算机学院;,计算机研究与发展,n-of-N Skyline;;并行;;弹性;;可扩展性;;数据流处理,"n-of-N Skyline查询关注于大小为N的滑动窗口上最近任意n(n≤N)个数据对象的Skyline查询结果,为用户的Skyline查询提供了高度的灵活性.在当前大数据的新环境下,数据流呈现出以下2个特征:1)数据流实时大规模高速到达;2)数据流工作负载的急剧变化性.这对n-of-N Skyline查询的实时性以及自适应扩展提出了更高的要求.而目前针对n-of-N Skyline查询相关的研究都是关注于单机环境下的集中式查询算法,难以同时满足当前新环境下查询的实时性与自适应扩展需求.为此,提出了一种弹性并行查询模型EPM,并且基于EPM模型提出了一种弹性可扩展的并行n-of-N Skyli...",2015/12/15,2015
CJFD2016,基于多标记学习的汽车评论文本多性能识别,张晶;李德玉;王素格;,山西大学计算机与信息技术学院;,计算机工程与科学,多标记学习;;文本处理;;汽车评论;;多方面识别,"针对汽车产品评论文本中出现的多方面性能,提出一种基于多标记学习的汽车评论文本多方面性能识别方法。首先,结合文本挖掘方法,利用多标记文本特征选择方法选取特征,将非结构化的文本转化为结构化的多标记数据集。在此基础上,使用四种多标记分类方法,对待识别的评论文档标注一个或多个方面标记。最后,以八种多标记评价指标评估方面识别的性能。在新浪汽车评论语料上的实验表明,方面识别的子集准确率达到了95%,验证了方法的可行性。",2016/1/15,2016
CJFD2016,基于多特征融合的中文微博评价对象抽取方法,李景玉;张仰森;蒋玉茹;,北京信息科技大学智能信息处理研究所;,计算机应用研究,评价对象;;评价对象候选集;;句法分析;;语义角色标注;;支持向量机,"中文微博的评价对象抽取作为中文微博情感分析的基础任务,受到研究者的广泛关注,有着重要的研究价值。结合微博文本的特点,对微博文本进行预处理,利用句法分析构建包括名词、名词短语、微博话题在内的评价对象候选集,再分别利用SVM模型、加权模型实现多特征融合的筛选候选评价对象方法,所用特征包括语义角色信息、最小距离和词频。算法经实验证明有效,在对候选评价对象进行筛选后,采用SVM模型的F值达到0.357 3,加权模型的F值达到0.405 9。",2015/11/30 10:26,2016
CJFD2015,数字文献资源内容服务推荐方法研究,毕强;刘健;,吉林大学管理学院;,现代图书情报技术,数字文献资源内容;;服务推荐;;关联语义链;;协同过滤算法,"【目的】解决传统数字文献资源内容服务推荐中,无法充分挖掘用户潜在信息需求以及评分矩阵稀疏问题。【方法】利用关联语义链和协同过滤算法提出数字文献资源内容服务推荐算法。【结果】实验结果证明,该算法可以克服单一推荐算法中存在的无法挖掘用户潜在信息需求以及评分矩阵稀疏问题。【局限】缺少对数字资源的大规模采集,实验案例较少。【结论】该算法充分挖掘用户信息需求并产生数字资源推荐信息,为数字资源服务提供商提高用户感知的能力,增强资源服务推荐的准确性和针对性提供了一种新途径。",2015/12/25,2015
CJFD2016,短句语义向量计算方法,陈福;林闯;薛超;徐月梅;孟坤;倪艺函;,北京外国语大学计算机系;清华大学计算机系;,通信学报,在线社会网络;;主题语义计算;;人工神经网络;;突发话题发现,"提出了一种基于人工神经网络的短文语义向量放缩算法,结合社交节点自身信息和短文语义,给出社交网络短文语义计算方法和突发话题发现算法。通过文本数值化实现语义距离的计算、比较、节点的分类及社区发现等。通过自行开发的微博采集工具Argus采集的大量新浪微博内容对所提模型和算法进行了验证,最后对未来工作进行了展望。",2016/2/25,2016
CJFD2016,微博信息传播预测研究综述,李洋;陈毅恒;刘挺;,哈尔滨工业大学计算机科学与技术学院社会计算与信息检索研究中心;,软件学报,微博;;信息传播预测;;信息流行度;;传播行为;;信息传播路径,"微博已经逐渐成为人们获取信息、分享信息的重要社会媒体,深刻影响并改变了信息的传播方式.针对微博信息传播预测问题展开综述.该研究对舆情监控、微博营销、个性化推荐具有重要意义.首先概述微博信息传播过程,通过介绍微博信息传播的定性研究工作,揭示微博信息传播的特点;接着,从以信息为中心、以用户为中心以及以信息和用户为中心这3个角度介绍微博信息传播预测相关研究工作,对应的主要研究任务分别是微博信息流行度预测、用户传播行为预测和微博信息传播路径预测;继而介绍可用于微博信息传播预测研究的公开数据资源;最后,展望微博信息传播预测研究的问题与挑战.",2016/2/15,2016
CJFD2016,基于负载均衡和冗余剪枝的并行FP-Growth算法,刘祥哲;刘培玉;任敏;伊静;高钊;,山东师范大学信息科学与工程学院;山东省分布式计算机软件新技术重点实验室;山东财经大学数学与数量经济学院;山东建筑大学计算机科学与技术学院;,数据采集与处理,关联规则;;MapReduce;;冗余剪枝;;FP-Growth算法,"针对现有的并行FP-Growth算法在数据并行分组时存在数据冗余和负载不均的问题,提出了基于负载估算和冗余剪枝的优化算法。首先,在采用高频策略分组时,引入节点任务估算方法,把每个分组中最大模式树的最长路径和支持度作为该分组的估计值,将估计值远大于其他节点的分组进行分割,平均到其他分组中,并且对不同分组中重复的列表元素进行截断,去除冗余数据。实验表明,本文提出的算法能够有效防止并行化的数据倾斜,减少数据冗余,在时间和空间复杂度上要低于以前的并行化FP-Growth算法。",2016/1/15,2016
CJFD2015,基于十字链表的Separate算法研究,陈平;王利钢;,南京信息职业技术学院信息服务学院;,信息化研究,关联规则;;十字链表;;项约束;;频繁项目集,"生成频繁项集是约束关联规则挖掘中最耗时的一步。为提高挖掘的效率,文章提出一种基于十字链表的经典的约束算法(Separate)改进算法(SABCL)。该算法结合Separate算法和十字链表存储的优势,先根据约束条件过滤数据库并产生频繁项目,再利用十字链表存储频繁项目信息,通过遍历十字链表生成满足约束条件的频繁项集,从而避免重复扫描数据库,提高了挖掘效率。在美国蘑菇(mushroom)、象棋(chess)数据集上,对SABCL、Separate算法进行了实验对比,实验结果表明,在相同的条件下,SABCL算法能够快速地生成所有的频繁项集,时间性能优于Separate算法。",2015/10/20,2015
CJFD2016,财务信息的情感分析技术研究及应用,王喜东;,云南财经大学公共管理学院;,中国管理信息化,情感分析;;微博股评;;Web挖掘,"微博的出现无疑成为了人们表达个人观点的一个平台,涉及到各个领域。目前针对财务领域的情感分析大多集中在新闻、媒体上,微博则观点自由,更加真实。通过对上市公司的股票微博评论内容的挖掘,基于机器学习和字典知识的情感分析技术,根据其情感倾向分析结果,判断其股票走势,进而预测上市公司的财务状况,对有财务危机的公司提出预警。实验结果表明,该方法可提前两个月预测公司经营状况,为领导层提供决策支持。",2016/2/1,2016
CJFD2016,基于关系加密的隐私保护方法,孟祥;康海燕;,北京信息科技大学计算机学院;北京信息科技大学信息管理学院;,武汉大学学报(理学版),加密;;关系加密;;权限控制;;隐私保护;;数据发布,"隐私保护和数据共享中存在两个特点:第一,隐私攻击通常是以链接攻击为基础的;第二,希望共享的是数据整体趋势而不是具体的个人信息.基于以上两点,本文提出了一种基于加密思想和权限控制的数据发布策略,并设计了基于关系加密的隐私保护算法.一方面对记录向量进行加密,极大程度上限制了数据链接外部知识的能力,达到了隐私保护的目的;另一方面为了维持数据实用性,设计了专家参数,该参数能够保证在关系加密的过程中维持数据的实用性.实验表明该方法能在提高隐私保护的同时在一定程度上维持数据的实用性.",2016/3/3 9:41,2016
CJFD2016,单飞行事件噪声关联规则挖掘及信念网络表示,徐涛;杨婷婷;谢继文;,中国民航大学计算机科学与技术学院;中国民航大学中国民航信息技术科研基地;,中国民航大学学报,单飞行事件噪声;;关联规则;;信念网络;;FP-Growth-Cube算法,"挖掘各种噪声影响因素与机场噪声之间的关联规则,能够为机场经营者制定有效的降噪措施提供科学依据。先将FP-Growth算法与数据立方体相结合,构造FP-Growth-Cube算法挖掘单飞行事件噪声与各噪声影响因素之间的关联规则,然后通过信念网络可视化表示关联规则。此方法不但直观、清晰,而且克服了关联规则不能表达不同规则之间联系的弱点,图形化地综合表示各因素对噪声的影响。最后,实验从降噪措施之一的机型选择角度,与权威噪声预测软件INM对比,验证了该方法的可行性和有效性。",2016/2/15,2016
CJFD2016,基于事件的证券市场状态变化规则挖掘,姜丽;,上海应用技术学院计算机科学与信息工程学院;,科技创新与应用,事件;;证券市场;;数据挖掘;;ID3算法,"文章在前期市场状态研究的基础上,重点研究了三类影响市场状态的事件,建立了事件模型,并采用改进的ID3数据挖掘算法,得到了一组市场状态在事件刺激下的转化规则。最后,文章对得到的规则进行了分析。",2016/3/28,2016
CJFD2016,基于规则置信度调整的知识挖掘及在烟草科技管理中的应用,王塑;张萍;周新;王乙民;,陕西省烟草公司西安市公司;,计算机应用与软件,知识挖掘;;规则置信度;;信息管理,"介绍信息管理领域中的一个热门研究主题——知识挖掘。知识挖掘旨在从结构化、半结构化的数据中挖掘信息。例如从电子文档、不完备的历史数据中搜索稳定的模式或模型,分析挖掘数据间的交互特征和规律,以辅助管理人员制定、调整规范与标准,构建专家库和知识库。提出知识挖掘的一种改进方法,通过动态规则置信度生成算法提高所获得规则的准确性与适应性,并结合烟草企业科技项目智能辅助管理中的实际应用进行了验证,取得了一定的成效。",2016/3/15,2016
CJFD2015,移动电子商务推荐系统输入研究,崔春生;,中国社会科学院数量经济与技术经济研究所;河南财经政法大学计算机与信息工程学院;,情报工程,移动电子商务;;推荐系统;;隐式浏览输入;;兴趣度,"在描述移动电子商务推荐系统的基本特征基础上,分析了显式评分输入和隐式浏览输入的差异,认为移动互联网环境下隐式浏览输入是推荐输入的主流。进而通过用户兴趣提取、用户兴趣计算以及浏览时间确定等环节,得到移动环境下用户对产品的兴趣度。该方法的提出一方面充实了移动推荐系统的理论研究成果,另一方面也对推荐系统中隐式浏览输入的研究有一定的推动作用。",2015/2/15,2015
CJFD2016,浅析生物大数据可视化的现状及挑战,刘江涛;邢辉;,贵州师范大学贵州省信息与计算科学重点实验室;,中国新通信,生物大数据;;大数据可视化;;发展趋势,"生物大数据可视化的实现能够对科研工作人员对海量复杂数据进行综合、多角度观察提供极大的帮助。生物数据量越大,复杂性越强烈,生物大数据可视化的作用就越加重要。文章主要针对生物大数据可视化的现状及挑战进行分析。",2016/1/20,2016
CJFD2015,高校图书馆微信公众平台运营分析——以河北建筑工程学院为例,史海嫣;钟丽华;张成杰;,河北建筑工程学院图书馆/信息管理系;河北建筑工程学院经济管理学院;河北建筑工程学院建筑与艺术学院;,河北建筑工程学院学报,高校图书馆;;微信公众平台;;运营,"以河北建筑学院图书馆为研究对象,统计了2015年11个月的数据,从用户、图文、菜单和消息四个方面对其平台运营现状进行数据分析、挖掘研究,以期得出高校图书馆在运营微信公众号时的实施策略.",2015/12/25,2015
CJFD2016,物联网的大数据处理,徐之欣;张皖哲;郑书朋;,哈尔滨东北农业大学电气与信息学院;,电子制作,物联网;;K-means算法;;大数据;;体系结构,"物联网中数据管理是一个重要的方面,考虑到一个相互关联的对象是不断进行各种信息交流的世界,是产生数据量和参与的过程,这就使数据管理成为关键的问题。我们打算验证和评估物联网的架构与大型数据库,根据大数据的概念我们将实现一个估计算法集成的物联网架构。此外,我们意愿在物联网体系结构中提出并验证跨层通信的可能性。",2016/4/15,2016
CJFD2016,基于大数据的K-means聚类算法在网络安全检测中的应用,郑志娴;王敏;,福建船政交通职业学院信息工程系;,湖北第二师范学院学报,大数据;;网络安全检测;;K-means聚类算法,"随着云时代的到来,大数据的应用受到了越来越多的关注。大数据的核心在于挖掘数据中蕴藏的价值链,为决策提供可借鉴参考。聚类算法是数据挖掘的一种归类方法,K-means则是基于划分的聚类方法。在网络安全检测中,应用K-means建立网络异常检测模型,可有效提高大数据环境下集中选取数据准确性的能力,控制检测误报率,缩短网络异常数据选取时间。但是,传统的K-means聚类算法在数据类型预处理、初始中心选取和K值确定等方面存在不确定性,导致对入侵检测的效率降低。本文提出一种改进的K-means算法,并通过利用KDDCup99数据集进行仿真实验,证明改进后的K-Means算法的检测准确率与检测效率要优于传统...",2016/2/15,2016
CJFD2016,基于多层Markov网络的信息检索模型,廖亚男;王明文;左家莉;吴根秀;甘丽新;,江西师范大学计算机信息工程学院;江西师范大学数学与信息科学学院;江西科技师范大学;,中文信息学报,信息检索;;多层Markov网络;;查询扩展;;团,"随着信息检索技术的不断发展,挖掘更加有效的信息来提高检索精度成为研究热点,已有的研究表明在检索过程中有效地融合各种信息将得到更好的检索效果。对一个具体查询而言,可以充分利用与已有查询的相关性、词语相关性和文档相关性等信息进行查询扩展和重构。基于这种思路,该文分别构造查询网络、词网络和文档网络,提出了多层Markov网络的信息检索模型,模型可以融合词间关系、文档间关系和查询间关系,为了有效降低计算量,给出了基于团计算模型。在标准数据集上的实验表明该文的模型能够有效融合三类信息,并较大幅度地提高检索效果。",2016/1/15,2016
CJFD2016,高效用项集挖掘算法综述,刘畅畅;,河南大学计算机与信息工程学院;,福建电脑,高效用项集;;效用挖掘;;频繁项集;;数据挖掘,"本文介绍了高效用项集挖掘的基本概念,列举并分析了三个高效用项集挖掘算法,指出了它们的优缺点,最后展望了高效用项集挖掘的未来研究方向。",2016/3/25,2016
CJFD2016,基于信息熵改进的K-means动态聚类算法,杨玉梅;,川北医学院图书馆;,重庆邮电大学学报(自然科学版),K-means算法;;信息熵;;数据挖掘;;动态聚类,"初始聚类中心及聚类过程产生的冗余信息是影响K-means算法聚类性能的主要因素,也是阻碍该算法性能提升的主要问题。因此,提出一个改进的K-means算法。改进算法通过采用信息熵对聚类对象进行赋权来修正聚类对象间的距离函数,并利用初始聚类的赋权函数选出质量较高的初始聚类中心点;然后,为算法的终止条件设定标准阈值来减少算法迭代次数,从而减少学习时间;最后,通过删除由信息动态变化而产生的冗余信息来减少动态聚类过程中的干扰,以使算法达到更准确更高效的聚类效果。实验结果表明,当数据样本数量较多时,相比于传统的K-means算法和其他改进的K-means算法,提出的算法在准确率和执行效率上都有较大提升。",2016/4/15,2016
CJFD2016,Apriori算法在三二分段成绩分析中的应用,苏伟斌;,东莞理工学校;,电子技术与软件工程,Apriori算法;;成绩分析;;数据挖掘,"本文介绍了Apriori算法的基本概念并以本人所在的中职学校计算机专业为例,介绍了使用Apriori算法来挖掘数据之间关联性的方法,找出规律,分析结果,为实际教学工作提供理论支持。",2016/4/19 17:19,2016
CJFD2016,面向微博的用户分类与旅游推荐,王慧瑶;,山西大学计算机与信息技术学院;,电子技术与软件工程,微博用户;;分类;;旅游推荐,"2010年国内微博发展趋势迅猛,四大门户网站均开设微博。微博是一个基于用户关系信息分享、传播以及获取的平台,微博客更能表达出每时每刻的思想和最新动态。并且,我国旅游业总体保持平稳较快发展。国内旅游市场继续较快发展,入境旅游市场基本持平,出境旅游市场继续快速增长。那么面向微博的社会化推荐就应运而生,可以通过用户在微博的动态,经过智能化分析,为他们提供相应的旅游资讯。",2016/4/19 17:19,2016
CJFD2016,内蒙古电力数据仓库的应用,张瑜;潘红芳;,内蒙古电力(集团)有限责任公司信息通信中心;,电信科学,电力大数据;;数据中心;;数据仓库,"随着电力信息化的发展,电力数据的积累速度越来越快,如何使大数据产生价值、为公司科学发展提供支持的议题被越来越多地提及。内蒙古电力公司从2011年开始建设一体化平台数据中心,当前已经完成了公司各业务口的数据集成工作,为数据利用提供了基础。依据建设的一体化生产经营决策分析系统建设情况,从应用需求、应用技术、数据分析挖掘3个方面介绍了内蒙古电力公司在大数据背景下的数据仓库应用的探索与尝试。总结了建设成果与建设经验,得出做好分析展现应用的关键是需求管理,核心技术是数据挖掘的结论。",2016/4/20,2016
CJFD2016,基于数据平台的智能协同设计系统研究,耿明;,中铁第四勘察设计院集团有限公司;,铁道工程学报,数据平台;;智能;;设计;;总线;;协同;;信息标准,"研究目的:目前协同设计系统主要为基于文本库的传统作业系统,设计数据提取、加工、使用、挖掘困难,影响设计进度和质量。智能数据协同设计平台的关键技术、构建方案需要进行深入研究。研究结论:(1)基于数据平台的协同设计关键技术主要有信息标准建立、设计数据及标准结构化、数据标准建立与维护、多专业标准化协同作业模式、应用软件研发、智能设计与在线设计集成、数据挖掘与抽取、系统展现等;(2)智能协同设计系统可大幅提高设计速度与设计质量,可在资源、行为、交付维度单独或同时提供文本(含音视频)、数据、BIM成果;(3)基于数据平台技术的智能协同设计系统是工程设计现代化的发展方向,也是建设协同系统现代化的基础和前提...",2016/4/15,2016
CJFD2016,基于关联规则的区间概念格属性约简模型,徐珺;李明霞;,华北理工大学轻工学院;华北理工大学理学院;,河北联合大学学报(自然科学版),区间概念格;;属性约简;;关联规则;;冗余属性,"区间概念格的属性约简是在保持形式背景上所有区间概念的上、下界外延集不变的前提下,寻找极小属性子集,该属性子集依然能够完全确定形式背景上的所有区间概念,并基本保持它们之间原有的层次结构关系。根据给定的形式背景构建相应的区间概念,进而得到量化的区间概念,然后依据量化区间概念的上界外延数先查找频繁结点后,再进一步提取强置信度的关联规则,最后根据这些关联规则去掉信息表中的冗余属性,达到约简的目的。经验证,由约简后的信息表得到的格结构层次较约简前变化不大。",2016/4/25,2016
CJFD2016,关联规则挖掘算法FP-Growth在高职网络技术专业学生成绩分析中的应用,罗拥军;罗云芳;,广西职业技术学院计算机与电子信息工程系;,河池学院学报,关联规则;;FP-Growth算法;;成绩分析,"从大量的成绩数据中进行数据挖掘并从中获得有价值的信息,是一件非常有意义的研究。以计算机网络技术专业学生10年的成绩作为数据源,运用基于关联规则的FP-Growth算法,研究5门课程之间的关联,为制订该专业人才培养方案提供参考和借鉴。",2016/4/15,2016
CJFD2016,面向服务的物联网软件体系结构设计与模型检测,陈海明;崔莉;,中国科学院计算技术研究所;,计算机学报,物联网;;面向服务;;软件体系结构;;参考模型;;模型检测,"物联网软件体系结构用于定义物联网应用系统的构件模型和交互拓扑,是构建支持水平互联、异构集成、资源共享和动态维护的物联网应用系统的基础.面向服务的软件体系结构(Service Oriented Architecture,SOA)是目前构建各类物联网应用系统最常用的风格,国内外研究人员已经提出了多种面向服务以""物端""为中心的物联网软件体系结构参考模型.该文对这些参考模型进行了比较分析,指出了它们基于的软件构件类型、采用的设计原则及具有的结构属性的不同,说明了这些参考模型适用于指导不同规模和不同应用需求的物联网应用系统的构建,并且分析了基于软件体系结构的物联网应用系统的形式化建模与模型检测方法.最后...",2015/4/1 21:26,2016
CJFD2016,面向在线产品评论数据的有效性建模与测度研究,唐塞丽;仙树;胡蕾;刘猛;代坤;,中国运载火箭技术研究院研究发展中心;中国航天员科研训练中心;江西师范大学计算机信息工程学院;,计算机应用研究,在线产品评论;;核主成分分析;;虚假评论识别;;排序Logistic;;有效性分析,"为提高对虚假评论的识别精度并对评论数据的有效性进行准确预测,提出一种面向在线产品数据的有效性建模与测量方法。通过结合基于核主成分的特征提取方法和最小二乘支持向量机对在线产品的虚假评论进行识别,基于排序Logit构建回归模型对量化的评论数据进行有效性判别预测。实验结果表明,该方法在虚假评论识别和数据有效性分析方面效果良好,可以为消费者提供更为精确的消费参考、为商业机构提供更具辨识意义的评论数据,具有良好的应用价值。",2015/9/29 10:18,2016
CJFD2016,基于MapReduce和矩阵的频繁项集挖掘算法,周国军;龚榆桐;,玉林师范学院数学与信息科学学院;,微电子学与计算机,MapReduce;;Hadoop平台;;矩阵;;频繁项集;;关联规则,"为了能高效地从大数据集中挖掘所有频繁项集,提出了一种基于MapReduce和矩阵的频繁项集挖掘算法.该算法将事务数据库转化为矩阵,按照垂直划分方法将矩阵分解成多个规模相同的子矩阵,根据MapReduce模型将子矩阵分配给计算机集群的节点,各节点并行对子矩阵计算候选项集的支持度.该算法在执行过程中产生的通信量较少,实现了节点计算任务的负载平衡.在Hadoop平台上测试了算法的性能,实验结果表明该算法具有较好的加速比和可扩展性,适合对大数据集挖掘频繁项集.",2016/5/5,2016
CJFD2014,在线审计信息系统的开发与研究,尹颖;,贵阳供电局;,贵州电力技术,在线审计系统;;风险控制;;数据库;;数据分析模型,"在线审计系统试点建设项目是使传统审计转向以内部控制和风险管理为导向的管理审计,改善组织的运营、提高增长质量和效益服务,也为管理层当好参谋和顾问的审计系统,对审计数据进行挖掘和再生消费实现对审计全过程的监督与评价,实现企业经营风险的可控与可管理。",2014/7/29,2014
CJFD2016,复杂网络中基于WCC的并行可扩展社团挖掘算法,亚森·艾则孜;李卫平;郭文强;,新疆警察学院信息安全工程系;铁道警察学院公安技术系;新疆财经大学计算机科学与工程学院;,计算机应用与软件,复杂网络;;社团挖掘;;并行算法;;可扩展性,"WCC(Weighted Community Clustering)通过复杂网络中社团含有的三角数量来评价社团挖掘算法的性能。在原始的WCC算法中,需要在每次迭代中对所有的社团变化计算WCC值,因而计算量非常大。为了减小社团变化带来的WCC计算量,提出一种并行可扩展的社团挖掘算法。对应用WCC进行社团评价的方法进行分析,提出一种包含预处理、初始划分和划分改进三个阶段的并行社团挖掘算法。在划分改进中,由于每次社团变化都需要计算大量的WCC提升,基于社团的统计量提出一种WCC近似计算方法。大量的真实数据集实验表明,提出的社团挖掘算法与相关算法相比较,不仅社团检测的准确性更高,而且具有更好的并行可扩...",2016/6/15,2016
CJFD2016,关于地质大数据分析与应用模式的具体分析,李晓敏;,河北省地质调查院;,科技展望,地质大数据;;分析;;应用模式,"随着大数据的应用越来越广泛,各行各业都正因此而进行着新一轮变革。地质行业的数据具有多元、多源、异构、相关性、随机性以及模糊性等特点,通过在实际运用中引入大数据的相关技术,可更好的实现地质工作的现代化和信息化。因此,相关部门有必要加大对大数据技术的重视力度,通过搭建云平台等方式最大程度发挥地质大数据在矿产资源探测、城镇选址等实用领域的作用。本文对目前国内地质大数据的发展以及其应用模式进行了具体分析,希望对我国地质行业的快速发展有所帮助。",2016/6/30,2016
CJFD2016,面向民生科技的智能健康系统发展策略,陶永;孙立宁;刘文勇;王田苗;匡绍龙;,北京航空航天大学航空科学与技术国家实验室(筹);中国航空工程科技发展战略研究院;苏州大学机电工程学院;北京航空航天大学生物与医学工程学院;北京航空航天大学机械工程及自动化学院;,科技导报,智能健康;;健康大数据;;精确诊疗;;生物三维打印;;微创手术;;助老助残,"围绕中国老龄化社会与民生科技发展对智能健康系统的需求迫切,介绍了智能健康系统的内涵与特征,阐述了健康大数据挖掘、个性化植入/介入生物三维打印、个体化精准诊疗、生肌电融合及助老助残等智能健康系统的基础科学问题与关键技术。围绕智能健康系统的应用领域、基础研究领域,介绍了国际研究的创新前沿与进展,国内智能健康系统的研究现状、优势单位与进展情况。",2016/5/13,2016
CJFD2016,关联规则挖掘以改进朴素贝叶斯,俞杰;丁晓剑;崔鹏;,信息系统工程重点实验室;,舰船电子工程,朴素贝叶斯;;条件独立性假设;;项目集,"朴素贝叶斯算法是建立在条件独立性假设上的,但是在实际应用中,类属性条件独立假设并不成立。针对这个问题,结合关联规则方法构造一个改进的朴素贝叶斯分类器。通过挖掘感兴趣的和频繁的项目集,深入研究样本算法中的属性联系。使随后运用朴素贝叶斯方法的各个属性尽量属性独立,达到朴素贝叶斯分类器的要求。实例标签方法改善了朴素贝叶斯的分类性能。",2016/5/20,2016
CJFD2016,探析智能配电网大数据应用技术与前景,肖祥;,福建水利电力职业技术学院;,电脑编程技巧与维护,大数据;;智能配电网;;发展趋势,"智能配电网互动化、自动化和信息化水平的不断提升,在电力企业量测体系中形成了调度运行数据、设备监测、检测数据、GIS等诸多数据。这些数据的应用,对于电力企业的发展,起到十分重要的作用。应用智能配电网大数据时,需要借助一些技术。现就智能配电网大数据应用技术进行阐述,研究大数据在智能配电网中的发展趋势。",2016/6/18,2016
CJFD2016,浅谈从数据到大数据,郭晨晨;,山西师范大学数计学院;,信息化建设,数据;;大数据;;热门话题;;过程,"从大数据概念的提出到今天仅仅数年的时间,但这一新生的概念却成为当下互联网世界最热门的话题。微软、谷歌、阿里巴巴等网络巨头不惜花费巨额资金建立大数据研究中心。从数据到大数据的过程需要我们有一个清晰的认识。",2016/3/15,2016
CJFD2016,基于投影的高效用项集挖掘算法,王敬华;罗相洲;吴倩;,华中师范大学计算机学院;,小型微型计算机系统,投影;;高效用;;频繁项集;;模式挖掘,"随着高效用模式挖掘算法在实际应用中的重要性逐步显著,因而其得到了越来越多的关注和研究,但是已知的一些算法存在着多遍数据集扫描以及会产生大量候选项集、时效性不高等问题.这些问题使得高效用模式的挖掘效率大大降低,故本文提出一种新的基于投影的高效用项集挖掘算法HUPMP(high utility pattern mining on projection).采用基于投影的方式将项集的信息存储在数组中,能有效的减少前人基于树结构建树所产生的耗时.同时HUPMP算法将多次数据集扫描减少为只需要进行两次数据集的扫描便可挖掘出所有的高效用模式.另外,针对会产生大量候选项集的问题,提出了一种不同于闭包属性的新性...",2016/6/15,2016
CJFD2016,近场通信技术的安全研究进展与发展趋势,张玉清;王志强;刘奇旭;娄嘉鹏;姚栋;,中国科学院大学国家计算机网络入侵防范中心;西安电子科技大学综合业务网理论及关键技术国家重点实验室;北京电子科技学院;,计算机学报,近场通信技术;;安全威胁;;研究进展;;发展趋势;;网络安全;;信息安全;;网络空间安全,"随着移动互联网和移动支付的发展,NFC技术因其天然的安全特性和便利性,成为运营商、银行、厂商等热捧的对象.由于涉及到移动支付和敏感信息的传输,该技术也受到安全研究人员和攻击者的广泛关注.虽然国内外安全专家和学者对NFC安全问题已进行了一定的研究,但目前还没有详细和全面介绍最新安全研究成果的论文.为解决此问题,该文分析和总结了国内外最新的研究成果,并对NFC安全问题未来的研究方向进行了展望.首先,介绍了NFC技术的基本特性、通信过程、协议栈、工作模式等,分析了该技术面临的安全威胁,包括通信安全、安全漏洞、安全元件、恶意软件、网络钓鱼等内容.然后,通过分析相关研究工作,总结了NFC技术的安全研究现...",2015/11/19 12:32,2016
CJFD2016,基于K-means聚类算法的公交行程速度计算模型,高曼;韩勇;陈戈;张小垒;李洁;,中国海洋大学信息科学与工程学院;,计算机科学,公共交通;;平均行程速度;;K-均值聚类算法;;数据融合;;数据挖掘,"定位与无线装置在公交系统中的广泛应用使得获取实时公交数据成为可能。为挖掘这些数据中蕴含的道路交通状况信息,提出了一种基于K-means聚类算法的数据融合模型,来计算相邻公交站点间的平均行程速度。首先对K-means聚类算法进行改进:(1)聚类数K不是预先设定的固定值,而是不重复样本数的平方根,不同路段不同时段K值不同;(2)初始聚类中心不是随机选取,而是根据K值按一定规则选取。其次利用改进的算法对样本数据进行聚类,然后对各类数据进行加权融合,计算出平均行程速度。最后通过折线图对青岛市4个城区的行程速度进行分析,挖掘交通流的演变规律。研究结果为交通管理、居民出行等提供了强有力的支持。",2016/6/15,2016
CJFD2016,软件开发中的活动模式挖掘,吉才盈;代飞;李彤;蒋旭东;,云南大学软件学院;云南省软件工程重点实验室;,计算机科学,过程挖掘;;原子活动;;活动模式;;折叠;;软件过程,"如何获取实际运作的软件过程(而非经验过程)是一个关键问题。软件过程的事件数据呈现记录多、无明确活动与独具过程特性的特点,使得现有的业务过程挖掘方法难以被有效应用。首先获取事件日志的原子活动;然后采用折叠的方法从软件项目开发实例中挖掘活动模式,获取软件过程,对不同时期的软件开发行为进行分析;最后通过一个开源项目的实际案例来验证该方法。",2016/6/15,2016
CJFD2016,点击欺诈群体检测与发现,董亚楠;刘学军;李斌;章玮;,南京工业大学计算机科学与技术学院;中国人民解放军73677部队;,计算机应用研究,点击欺诈;;欺诈群组;;孤立点检测;;贝叶斯分类,"针对目前存在大批网络用户,以群体形式来欺诈点击的问题,提出了一种检测点击欺诈群组的方法。首先使用频繁项集挖掘算法来发现共同点击过大量广告的个体用户,作为疑似欺诈组。然后,在对组内用户点击行为属性分析的基础上,运用孤立点检测方法找到与组内其他用户有显著差异的疑似欺诈用户。最后,运用贝叶斯分类方法对检测到的所有疑似欺诈成员分类,得到真正的欺诈群组和欺诈用户。在真实的数据集上进行的实验,验证了该方法的可行性和有效性。结果表明,该方法为点击欺诈检测问题提供了一条新的思路。",2015/9/29 11:19,2016
CJFD2016,大数据时代 “大牛”们为什么看好百会CRM,张东强;,,计算机与网络,CRM;处理模式;盈利能力;沟通效率;活动营销;邮件群发;信息存储;客服人员;进展状况;不知道;,"大数据时代的来临,改变了企业的商业模式。大数据的规模庞大到无法用传统的数据库软件来进行获取、存储、管理和分析数据,只有运用新处理模式,才能够适应海量、快速、多样化的信息增长。大数据战略存在的意义并不仅仅是""掌握""数据就可以,而是要对数据进行""深加工"",挖据数据背后的价值。众多企业在运营的过程中,为了充分挖掘数据背后的价值,纷纷引进CRM这款专业的客户关系管理软件。CRM传入中国已经多年,专业解决企业营销、销售、售后服务中的痛",2016/5/26,2016
CJFD2016,大数据下微博推荐算法,张磊;吾守尔·斯拉木;买买提依明·哈斯木;于清;,新疆大学多语种信息技术实验室;,激光杂志,数据挖掘;;社交网络;;并行计算;;推荐系统,"为了提高微博推荐算法的准确率和解决社交网络平台海量信息的问题。基于LDA(Latent Dirichlet Allocation)三层模型提出C-LDA(Collaborative Latent Dirichlet Allocation)四层模型,该模型不仅考虑被转发者对转发者的影响而且考虑了关注者产生的影响。综合特征词热度、用户负样本反馈以及遗忘曲线等因素改进吉布斯采样算法,使用改进后的吉布斯采样算法近似求解C-LDA模型。然后运用模型中用户与微博的主题概率向量计算相似度,进行Top-K微博推荐。与以往方法相比,该方法适用于具有时效性和互动性的微博应用场景,推荐的效果更加理想。最后基于Had...",2016/6/25,2016
CJFD2016,基于层次随机图的社会网络差分隐私数据发布,张伟;仓基云;王旭然;陈云芳;,南京邮电大学计算机学院;,南京邮电大学学报(自然科学版),社会网络;;差分隐私;;层次随机图;;数据发布,"在线社会网络已经成为社会学和信息科学的数据宝库,但是直接分析社会网络数据会造成敏感信息泄漏,对用户隐私构成威胁。传统的基于数据匿名化技术的隐私保护技术面对不断提高的背景攻击显得无能为力。对此,差分隐私作为一种可以严格定义的可量化技术被引入到社会网络的隐私保护中。文中提出一种基于层次随机图(Hierarchical Random Graph)的满足ε-差分隐私的社会网络图发布算法DP-HRGP(Differential Privacy-Hierarchical Random Graph Publishing)。该算法的噪声增加机制分为两个阶段:首先通过指数机制计算HRG结构树的得分,并利用马尔科...",2016/6/29 15:51,2016
CJFD2016,大数据在企业精益管理中的探索与应用,时小麟;薛训明;陆琨;石蕴玉;汪飞;,安徽中烟工业有限责任公司;,电脑知识与技术,大数据;;数据挖掘;;应用探索,"""大数据""是近年来兴起的热门词汇,并在很短时间内迅速渗透到每个行业,成为重要的生产因素。基于大数据的预测、分析将逐步融入企业管理和决策中。大数据技术和思维将影响企业管理与决策的各个环节,本文通过实例介绍了大数据在卷烟制造企业的应用。",2016/5/26 11:27,2016
CJFD2016,基于智能交通数据下的否定关联规则实验研究,孙剑斐;叶娅;,河南师范大学新联学院;,电子世界,智能交通;;数据挖掘;;否定关联规则,"目前,交通系统中的数据增长越来越快,特别是公交系统的数据采集和技术分析日益纷杂,伴随着数据的快速增长无疑是告知我们智能交通的大数据时代已经来临。当然,公交数据这类资源和其它资源相比,又有着其特殊性,一种快速且高效的公交数据采集方法,对于城市的公交系统有着其重要的作用,倘若数据这类资源不能得到有效利用,那么给市民出行带来将会是一种沉重的负担。本文主要利用大量公交IC卡刷卡的相关数据进行有效处理与分析,对否定关联规则算法进行深化研究。",2016/7/23,2016
CJFD2016,商务智能软件在国家药品抽验中的应用探索及意义,冯磊;王淑玲;,沈阳药科大学管理学院;中国食品药品检定研究院;,中国药事,药品抽验;;数据共享平台;;预处理;;统计及分析;;存储及查询,"目的:探讨我国药品抽验数据共享平台的建设思路,为系统建设提供参考。方法:通过分析调查法和专家咨询法,完成对共享平台的需求分析和功能设计,从数据分类和数据分析展示等方面,分析国家药品抽验数据共享平台构建的功能作用及面临的挑战,提出新的发展思路和方向。结果与结论:国家药品抽验数据共享平台的建设是一项系统工程,应坚持统一规划、顶层设计、分步实施的原则,合理推进建设,以实现国家药品抽验数据预处理、存储及查询、统计及分析的目标。",2016/6/20,2016
CJFD2016,基于关联规则挖掘的跨网络知识关联及协同应用,黄晓雯;严明;桑基韬;徐常胜;,中国科学院自动化研究所模式识别国家重点实验室;中国—新加坡数字媒体研究院;,计算机科学,跨网络关联;;关联规则挖掘;;视频推荐,"随着社交媒体的兴起,各种社交媒体服务应运而生,社交媒体多源化现象越来越明显。一种基于关联规则挖掘的方法可以用来分析研究社交媒体多源现象,即通过同一个用户与不同社交媒体上多源数据的行为交互,挖掘社交媒体多源数据知识关联,进而设计跨网络协同的视频推荐应用。本研究框架主要分为3个步骤:(1)基于主题建模的知识发现,对用户和视频进行主题建模,得到其在主题层上的表示;(2)基于关联规则挖掘的跨网络知识关联,以跨网络共同用户作为连接不同网络的桥梁,利用关联规则的方法挖掘不同网络间的知识关联;(3)基于跨网络知识发现的冷启动视频推荐,将用户和视频映射到同一主题空间并进行主题匹配,最终进行视频推荐。实验结果表...",2016/7/15,2016
CJFD2016,云计算环境下物联网系统构架结构研究,张元金;,广东肇庆广播电视大学;,网络安全技术与应用,物联网;;云计算;;虚拟;;智能,"云计算的兴起,为物联网带来新的机遇与挑战,物联网蕴藏的巨大商机,吸引许多商业机构纷纷加盟,物联网产业迅速升温。云计算可以满足物联网大规模、海量信息处理和存储等要求。跟传统意义的物联网相比较,基于云计算环境下物联网,大大提高效率。于是从物联网的发展历程和定义出发,本文分析了物联网的系统结构和支撑的关键技术,并对物联网将来的发展趋势作了展望。",2016/6/15,2016
CJFD2016,内部威胁检测研究,杨光;马建刚;于爱民;孟丹;,中国科学院信息工程研究所;中国科学院大学;山东省计算中心(国家超级计算济南中心);,信息安全学报,内部威胁;;内部审计;;异常检测;;网络安全;;系统破坏;;信息窃取;;电子欺诈;;综述,"近年来,以系统破坏、信息窃取以及电子欺诈为主的内部攻击因为隐蔽性强、破坏性大的特点对个人与企业,甚至国家安全造成了严重威胁。因此十分有必要关注内部威胁已有的研究成果与发展趋势。本文分析了内部威胁的特征,提出基于信任理论的形式化定义。同时将当前内部威胁研究热点归结为内部威胁模型研究、主观要素研究、客观要素研究及其它研究四个领域,分别介绍各个领域的研究状况,并对每个领域的研究进展进行归纳和分析。通过分析内部威胁已有案例以及当前研究进展,针对现有研究不足提出新型内部威胁检测系统,并展望未来的关键技术。",2016/7/15,2016
CJFD2016,第三方支付粗糙复杂网络知识发现方法研究,曹黎侠;黄光球;李艳;,西安建筑科技大学管理学院;西安工业大学理学院;,计算机科学与探索,第三方支付;;粗糙复杂网络;;时间序列分析;;知识发现,"第三方支付平台的可持续发展是一个错综复杂的问题,解决问题的关键之一是平台潜在客户的挖掘。建立了第三方支付粗糙复杂网络,通过对该粗糙复杂网络的上下近似度、度分布和度的概率主值的研究,构建了第三方支付粗糙复杂网络知识发现模型,给出了基于粗糙集理论的时间序列分析法的求解方法。第三方支付粗糙复杂网络知识发现方法的研究,为第三方支付平台潜在客户的挖掘提供了定量化可操作的方法。提出了粗糙复杂网络的有关概念,以及第三方支付粗糙复杂网络的度分布,为第三方支付有关问题的研究奠定了理论基础;知识发现方法的研究,适应了动态知识系统更新的需求,因此有着广泛的应用前景。",2016/2/3 11:26,2016
CJFD2016,一种新的链接预测方法在复杂网络中的应用,李奋华;,运城学院计算机科学与技术系;,电脑知识与技术,数据挖掘;;链接预测;;复杂网络;;无标度;;聚类信息,"作为复杂网络分析的一项重要任务,链接预测已经被应用到诸多领域,例如:个性化推荐、决策支持系统和犯罪调查等。常用的链接预测方法主要是基于网络拓扑结构的方法,没有考虑网络的聚类信息因素。实际上,网络的聚类结果包含了对链接预测很重要的信息。在此基础上,一种基于聚类信息和网络特征的链接预测模型被提出,并在人造和真实网络数据集上进行了验证,具有较好的预测效果。",2016/8/9 16:14,2016
CJFD2016,智慧水务一体化平台软件设计,纪菁;,南瑞集团公司/国网电力科学研究院;,水电厂自动化,智慧水务;;一体化平台软件;;Browser/Server;;Service-Oriented Architecture,"随着""智慧城市""建设的发展,多个城市已经开展""智慧水务""建设项目。智慧水务将传统水利与现代信息化技术高度融合,利用现代传感技术对水利、水文、环保、气象等数据全面实时监测并分析。本文设计了智慧水务一体化平台软件,依靠采集到的各种水务数据,建成可靠、完整、具备严格的数据标准体系和完善的管理体系的信息化数据中心,并为各类业务应用系统提供数据支撑。目前该软件已经在辽宁、湖南等地的智慧水务项目上得到成功应用。",2016/5/15,2016
CJFD2016,中医医案数据库的构建及其应用研究,翁晓兰;申力;贾佳;吕瑛;陈裕;杨晓娟;,浙江中医药大学;上海生物信息技术研究中心;,浙江中医杂志,中医医案;;数据库;;名老中医经验;;数据挖掘;;医案分析,"文章构建了由中医数据库与方剂筛选系统相结合的名老中医临床信息分析平台,利用结构化医案方剂录入模块将临床病例数据化,利用医案方剂分析系统模块进行分析挖掘,形成知识挖掘。应用方面,结合浙江省中医院吴良村教授的门诊病历,开展肺癌疾病关乎中医治疗的医案实例分析。",2016/8/16,2016
CJFD2016,大数据对当代中国史研究的挑战,王冠中;,首都师范大学政法学院;,当代中国史研究,大数据;;当代中国史研究;;量化;;研究范式,"当代中国史研究自20世纪50年代萌生以来,就一直注重发掘数据在历史叙事和价值表达中的功用,并在研究实践中逐步完善对数据的运用和处理方法。大数据的兴起,给当代中国史研究在资料收集、存储和运用,研究主体的思维方式,历史记录与叙事方式,历史研究价值评价等方面带来多重挑战。当代中国史研究应借助大数据技术带来的发展机遇,坚持以唯物史观为指导,加快基础设施建设,搭建智能化网络平台,创立量化研究范式,引入新兴研究方法,以实现学科发展的科学化和现代化。",2016/5/25,2016
CJFD2016,商务智能实践教学内容设计与方法研究,胡敏;,北京信息科技大学信息管理学院;,教育现代化,商务智能实践;;模块化教学,"本文主要研究信息管理专业商务智能实践教学内容、方法和基本步骤。课程按照知识点难易,可以做两类划分,一是课程总体分为基础内容模块和高级主题模块;二是对较为复杂的章节或算法,或对单个知识点的基础和高级模块的划分。商务智能实践课程需要让学生实现由问题找方法,进而深入理解方法的过程,需要学生对数据准备、数据挖掘、结果分析的三个阶段有深刻的认识。",2016/8/29,2016
CJFD2016,基于协议分析与模糊测试的SIP漏洞挖掘研究,李进东;王韬;吴杨;雷东;,军械工程学院信息工程系;,计算机工程,会话初始协议;;协议分析;;漏洞挖掘;;模糊测试;;测试用例,"针对会话初始协议(SIP)可能存在的安全漏洞以及对SIP漏洞挖掘研究工作不足的问题,基于协议分析与模糊测试,提出一种SIP协议漏洞挖掘方案。该方案在分析SIP协议语法、格式和会话流程的基础上,对可能出现漏洞的SIP消息生成对应的畸形数据包作为模糊测试的测试用例,并在会话建立的过程中随机发送畸形数据触发测试目标,在监视到SIP客户端发生异常时记录异常信息,并分析导致异常的错误是否能被利用。实验结果表明,该方案能更全面地挖掘出由协议分析结果和模糊测试发现的SIP漏洞,提高挖掘数量和效率。",2016/8/15,2016
CJFD2016,基于模糊聚类的CO_2数据流时空异常模式的研究,刘莘;张赛男;,徐州医科大学医学信息学院;中国矿业大学环境与测绘学院;中国人民解放军理工大学指挥信息系统学院;,计算机应用研究,模糊聚类;;时空异常;;CO2;;数据流,"传统的异常检测算法不能区分CO_2数据流的异常类型,为了有效识别因泄漏造成CO_2数据流的异常,提出了基于模糊聚类的CO_2数据流时空异常模式检测算法。该算法首先利用3σ规则实现自适应阈值的异常点检测,其次提取待检测滑动窗口的特征值(均值),构建指定区间内邻居节点间的时空关系矩阵,采用模糊聚类分析相邻节点特征值的时空相关性并对其进行分类,根据分类结果确定泄漏异常概率,最后利用真实观测数据对算法进行验证并对参数的选取进行分析。实验结果表明该算法能有效地识别因泄漏造成的事件异常,具有较高的检测率和较低的误警率。",2015/10/19 15:39,2016
CJFD2016,运营商海量日志分析系统的研究,施巍巍;邓宏伟;,中国联合网络通信有限公司江苏省分公司;,江苏通信,大数据;;分布式计算;;流式处理,"随着移动互联网的飞速发展,电信运营商每天由网络产生的日志数量也呈几何级数增长,如何处理海量数据日志一直是非常热门的研究课题。日志数据的多样性、异构性、善变性等特点,使得单一节点的集中式日志分析平台无法满足目前的要求。本文以构建原子标签系统为例,在分析现有分布式储存与计算关键技术基础上,结合对主流的Hadoop等平台的应用研究,根据系统的需求,提出了新架构设计和系统解决方案。",2016/6/15,2016
CJFD2016,基于PCA与MLP感知器的人脸图像辨识技术,邓高登;王晓晔;袁闻;韩淼;杨星;谢晓喆;,天津市智能计算及软件新技术重点实验室天津理工大学;计算机视觉与系统省部共建教育部重点实验室天津理工大学;,软件,PCA;;MLP感知器;;人脸图像辨识;;提取特征;;识别率,"单纯PCA的人脸辨识对未训练样本感知力低的缺点会造成识别率降低。基于PCA与MLP感知器的人脸图像辨识技术是针对该情况提出的,在PCA提取有强特征性的人脸图像后,在辨识精度不变的情况下,利用MLP感知器对简化的特征属性进行训练,加强监督式规则提取,从而提高识别率。",2016/6/15,2016
CJFD2016,一种基于简单特征量信息的快速行为识别算法,纪彬;张建平;周大志;李磊;,黑龙江省科学院自动化研究所;,黑龙江科学,特征量;;行为识别;;分类器;;KTH数据库,"人体行为识别技术是利用机器视觉,以人体的生物特征参数为基础,对人的数量、行为和身份等信息进行快速准确分析判断的一种实用技术。该技术可应用于安防监控、安全验证、军事、商业和工业等领域。提出一种基于简单特征量信息的快速行为识别算法,与当前主流的算法相比,有可用更少的训练数据和识别效果更加高效的特点。",2016/9/8,2016
CJFD2016,基于大数据的路桥汽车用户线上2C运营方案研究,张恒;张磊;程新洲;陈崴嵬;,中国联通网络技术研究院;,邮电设计技术,大数据平台;;汽车运营;;用户画像,"通过分析汽车行业的大数据现状,结合目前路桥汽车用户收费模式,提出基于大数据的汽车用户线上运营方案。该方案包括了大数据平台建设和APP业务运营全链条,通过运营商和汽车本身数据分析,形成完善的汽车用户标签,通过APP向用户提供精准的车主、广告和金融等服务,提升车主服务体验,形成基于大数据的运营服务。最后在高端车主画像和挖掘方面进行了研究,通过大数据分析,形成一套高端车主的挖掘算法,为后期精准运营提供了技术参考。",2016/8/20,2016
CJFD2016,云计算技术在智慧电力网中的应用研究,卢彪;杨小莹;李悦;,宿州学院;,通化师范学院学报,云计算;;智慧电力云计算网;;安全威胁;;安全防护,"智慧电力网的数据处理采用云计算技术搭建的智慧电力云计算网,能够为智慧电力网的业务提供有效的技术支持.云计算技术针对智慧电力网的特征,为智慧电力网的数据存储、计算模式和数据分析提供了崭新的解决方案.该文首先讨论了智慧电力云计算网的服务对象,然后分析了智慧电力云计算网云结构层次,设计了智慧电力云计算网的混合云结构模型.最后,该文分析了智慧电力云计算网可能存在的安全威胁,并就安全威胁问题给出了相应安全防护措施的研究.",2016/8/20,2016
CJFD2016,面向用户话题相似性特征的链路预测方法,王菲菲;杨扬;蒋飞;许进;,北京大学光华管理学院;北京大学高可信软件教育部重点实验室;,西安交通大学学报,链路预测;;用户内容;;主题模型;;相似性特征,"针对线上用户间的链路预测对用户文本内容特征的挖掘不够充分的现象,提出了面向用户兴趣话题相似性的二次特征抽取方法。该方法应用主题模型得到任意用户的主题分布,利用用户在主题上相异的分布比例提取各自的兴趣话题集合,基于兴趣话题集合构造了一组话题相似性特征用于链路预测。不同于传统方法中对用户主题分布的直接利用,该方法对用户文本内容的相似性特征进行了再次挖掘,使得文本特征具有等同于结构特征的预测能力,并能够作为结构预测特征的有效补充。实验结果表明,内容特征的独立预测效果普遍优于结构特征,并且在联合预测中将结构特征的预测效果提高了3%。",2016/6/27 12:31,2016
CJFD2016,记忆计算:概念、特性及研究进展,郭斌;陈荟慧;李文鹏;於志文;姜佳君;王文辉;,西北工业大学计算机学院;,计算机科学,普适计算;;记忆计算;;情境感知;;数字记忆;;移动及可穿戴设备,"随着信息技术的发展,尤其是移动互联网与物联网的发展,有关个人工作和生活的数据呈指数型增长。这些海量的数据中蕴含着丰富而有价值的个人信息,如何从这些数据中挖掘出有价值的信息成为当前信息领域的重要问题。针对该问题,介绍了普适计算领域新兴起的研究主题——记忆计算。记忆计算旨在通过各种带感知和计算功能的设备,比如智能手机、可穿戴设备等,实时感知和捕获用户线上线下活动的数据,分析并挖掘其内在价值,进而组织和管理有意义的记忆数据,实现基于情境的记忆数据呈现,以辅助个体记忆,支持社群交流与协作。讨论了基于移动情境感知的记忆计算的概念、特性、系统模型以及当前研究的关键技术与挑战,综述了记忆计算在生活日志、记忆...",2016/9/15,2016
CJFD2016,基于支持向量机算法的数据分类验证研究,王琳;解婷婷;,成都理工大学管理科学学院;,四川文理学院学报,因子分析;;聚类分析;;最小二乘;;支持向量机;;空间聚集特征,"支持向量机是利用已知数据类别的样本为训练样本,寻找同类数据的空间聚集特征,从而对测试样本进行分类验证,通过验证可将分类错误的数据进行更正.以体检数据为数据背景,首先通过利用因子分析将高维数据进行降维,由此将所有指标整合成几个综合性指标;为降低指标之间的衡量标准所引起的误差,利用MATLAB软件将数据进行归一化处理,结合聚类分析将数据分类;最后利用最小二乘支持向量机分类算法进行分类验证,从而计算出数据分类的准确率,并验证了数据分类的准确性和合理性.",2016/9/10,2016
CJFD2016,基于改进的关联规则挖掘算法的用户兴趣挖掘,李珊;邵兰洁;孙丽云;,燕京理工学院信息科学与技术学院;,计算机时代,关联规则;;置信度;;数据挖掘;;用户兴趣挖掘,"研究发现,传统的关联规则挖掘算法在用户兴趣挖掘的应用中,摒弃置信度这个度量值。究其原因,在于网站结构中置信度不能准确度量用户兴趣。提出了一个可以替代传统置信度的、在网站环境下能正确反映用户兴趣的确定性的度量值,并结合用户的浏览速率进行用户兴趣挖掘。对比实验结果表明,此方法挖掘用户兴趣的效果明显。",2016/9/15,2016
,,,,,,,,
